loss,TIR
14.564119,None
14.419179,None